time,temperature_2m_mean (°C),temperature_2m_max (°C),temperature_2m_min (°C),rain_sum (mm),relative_humidity_2m_mean (%)
2017-01-01,-16.7,-8.5,-21.6,0.00,82
2017-01-02,-19.5,-16.9,-24.0,0.00,76
2017-01-03,-23.4,-19.9,-29.0,0.00,74
2017-01-04,-21.9,-18.9,-24.5,0.00,74
2017-01-05,-22.0,-14.4,-29.0,0.00,74
2017-01-06,-20.5,-16.8,-27.0,0.00,80
2017-01-07,-22.1,-15.3,-28.8,0.00,71
2017-01-08,-19.6,-17.3,-22.6,0.00,73
2017-01-09,-19.5,-15.9,-24.4,0.00,76
2017-01-10,-21.6,-18.9,-24.0,0.00,77
2017-01-11,-25.0,-15.6,-31.9,0.00,74
2017-01-12,-22.1,-10.3,-29.4,0.00,64
2017-01-13,-22.8,-11.8,-29.0,0.00,69
2017-01-14,-16.2,-8.6,-21.6,0.00,79
2017-01-15,-12.6,-4.9,-16.8,0.00,82
2017-01-16,-11.4,-4.3,-14.7,0.00,86
2017-01-17,-3.7,3.3,-9.4,0.00,79
2017-01-18,0.7,4.6,-4.0,0.00,83
2017-01-19,0.9,4.0,-3.5,0.00,86
2017-01-20,-1.6,2.4,-5.7,0.00,87
2017-01-21,-3.6,-1.3,-8.4,0.00,93
2017-01-22,-2.6,-1.1,-3.8,0.00,91
2017-01-23,-6.0,-2.8,-9.0,0.10,88
2017-01-24,-7.6,-5.5,-9.2,0.00,87
2017-01-25,-10.9,-7.9,-14.1,0.00,84
2017-01-26,-10.8,-1.9,-15.9,0.00,85
2017-01-27,-3.2,1.2,-5.4,0.00,85
2017-01-28,-0.1,2.0,-1.1,0.00,81
2017-01-29,0.4,3.7,-2.7,0.20,81
2017-01-30,0.7,2.0,-1.1,0.30,81
2017-01-31,-5.0,-0.2,-12.8,0.00,79
2017-02-01,-16.6,-11.4,-21.9,0.00,71
2017-02-02,-14.8,-8.1,-20.7,0.00,67
2017-02-03,-14.9,-8.2,-20.4,0.00,74
2017-02-04,-13.3,-11.9,-15.6,0.00,78
2017-02-05,-16.7,-12.8,-20.5,0.00,76
2017-02-06,-16.3,-14.1,-18.2,0.00,78
2017-02-07,-22.1,-19.4,-27.4,0.00,77
2017-02-08,-25.8,-19.8,-29.8,0.00,73
2017-02-09,-22.0,-9.0,-29.5,0.00,74
2017-02-10,-7.2,2.0,-11.4,0.20,87
2017-02-11,-8.1,-4.3,-11.3,0.00,86
2017-02-12,-4.7,-0.5,-10.8,0.00,76
2017-02-13,-1.5,2.5,-4.6,0.00,78
2017-02-14,-2.9,2.5,-9.9,0.00,85
2017-02-15,-0.7,4.2,-4.8,0.00,83
2017-02-16,3.3,6.8,-0.2,0.00,79
2017-02-17,4.7,7.4,3.1,0.00,76
2017-02-18,0.1,4.9,-6.2,0.00,86
2017-02-19,0.2,3.5,-1.9,0.00,85
2017-02-20,0.4,5.3,-4.4,0.00,89
2017-02-21,-0.0,4.7,-3.8,0.20,86
2017-02-22,-1.0,3.8,-7.4,0.00,74
2017-02-23,-2.9,0.6,-5.2,0.00,65
2017-02-24,-4.6,-0.5,-8.4,0.00,58
2017-02-25,-8.2,-3.9,-11.4,0.00,63
2017-02-26,-9.2,-4.0,-13.6,0.00,52
2017-02-27,-12.9,-6.2,-19.5,0.00,54
2017-02-28,-11.2,-4.4,-15.0,0.00,65
2017-03-01,-9.6,-2.5,-17.1,0.00,66
2017-03-02,-9.5,-3.0,-13.9,0.00,66
2017-03-03,-4.6,4.3,-9.6,0.00,69
2017-03-04,1.4,10.1,-2.2,0.00,73
2017-03-05,0.4,8.1,-3.7,0.30,79
2017-03-06,-4.8,2.0,-8.1,0.00,84
2017-03-07,-11.2,-8.4,-13.1,0.00,60
2017-03-08,-13.2,-8.6,-17.3,0.00,56
2017-03-09,-15.2,-10.8,-18.2,0.00,43
2017-03-10,-18.2,-13.1,-21.5,0.00,38
2017-03-11,-15.9,-10.3,-19.1,0.00,57
2017-03-12,-15.3,-11.4,-17.6,0.00,68
2017-03-13,-16.5,-8.4,-22.1,0.00,70
2017-03-14,-8.0,0.6,-11.8,0.00,70
2017-03-15,0.1,10.4,-5.3,0.00,76
2017-03-16,3.8,11.4,-0.4,0.10,83
2017-03-17,0.6,5.2,-3.3,0.30,70
2017-03-18,2.0,12.6,-2.4,0.10,42
2017-03-19,6.4,9.4,3.3,0.30,59
2017-03-20,-1.4,5.3,-5.0,0.00,44
2017-03-21,-7.0,0.5,-12.9,0.00,45
2017-03-22,-2.0,10.6,-7.9,0.20,52
2017-03-23,2.3,9.4,-2.7,0.00,74
2017-03-24,0.9,11.1,-5.4,0.00,70
2017-03-25,6.4,13.5,1.6,0.50,65
2017-03-26,4.1,12.6,-2.8,0.00,63
2017-03-27,2.4,11.3,-4.7,0.00,71
2017-03-28,2.4,7.3,-0.4,0.50,87
2017-03-29,5.1,14.3,0.2,0.00,75
2017-03-30,7.6,15.4,1.0,0.00,60
2017-03-31,4.8,11.4,0.3,0.30,77
2017-04-01,4.6,13.8,-0.9,0.00,77
2017-04-02,7.9,12.6,2.2,0.10,66
2017-04-03,3.7,11.0,-2.0,0.60,69
2017-04-04,2.7,9.5,-2.8,0.30,72
2017-04-05,3.0,10.8,-3.7,0.50,61
2017-04-06,6.0,15.6,0.5,0.00,60
2017-04-07,11.9,20.5,5.9,0.30,57
2017-04-08,12.2,17.8,7.6,0.00,47
2017-04-09,2.0,12.4,-4.0,0.00,64
2017-04-10,-0.4,6.8,-5.7,0.00,59
2017-04-11,3.7,11.9,-2.1,2.10,56
2017-04-12,4.6,13.1,-3.3,0.10,67
2017-04-13,8.3,16.7,2.8,0.00,58
2017-04-14,11.1,15.9,6.9,1.00,63
2017-04-15,6.8,12.6,0.6,1.00,57
2017-04-16,-0.2,9.4,-3.7,0.90,62
2017-04-17,-2.1,7.2,-8.6,0.00,47
2017-04-18,3.1,8.8,-1.2,0.20,74
2017-04-19,5.6,12.0,0.8,8.60,85
2017-04-20,6.3,13.8,0.1,1.80,83
2017-04-21,8.2,15.2,1.4,0.10,65
2017-04-22,5.5,13.1,1.5,1.90,75
2017-04-23,2.3,5.4,-0.9,0.00,61
2017-04-24,-0.0,4.2,-2.3,0.10,72
2017-04-25,-1.8,3.5,-7.1,0.00,70
2017-04-26,1.4,8.7,-3.8,0.00,56
2017-04-27,3.0,9.6,-3.0,0.00,51
2017-04-28,5.5,12.8,-1.5,0.00,44
2017-04-29,6.4,13.6,-0.2,4.00,68
2017-04-30,8.7,16.9,1.6,0.60,63
2017-05-01,8.5,14.6,4.3,5.60,77
2017-05-02,7.2,14.1,1.9,0.20,73
2017-05-03,8.3,15.9,1.4,0.10,70
2017-05-04,11.6,22.2,1.6,0.00,53
2017-05-05,16.5,27.0,6.8,0.00,53
2017-05-06,19.7,27.4,12.2,0.00,44
2017-05-07,19.5,27.0,13.6,0.10,40
2017-05-08,12.6,24.4,7.7,1.80,67
2017-05-09,10.2,18.5,2.7,0.00,60
2017-05-10,10.1,18.1,2.1,0.00,56
2017-05-11,13.3,20.4,6.2,0.00,53
2017-05-12,14.1,21.9,6.4,0.00,49
2017-05-13,14.5,21.9,8.0,0.10,47
2017-05-14,13.0,21.1,7.2,4.60,55
2017-05-15,10.7,17.8,4.3,0.00,45
2017-05-16,9.2,17.5,1.5,0.00,69
2017-05-17,8.9,16.6,5.7,0.00,69
2017-05-18,6.6,13.3,-0.4,0.00,49
2017-05-19,9.1,16.9,1.2,0.00,45
2017-05-20,12.8,20.0,6.2,0.00,38
2017-05-21,12.9,20.2,5.4,1.80,49
2017-05-22,12.7,18.4,6.3,0.40,58
2017-05-23,13.8,22.4,4.1,0.00,47
2017-05-24,16.7,23.3,11.4,2.20,39
2017-05-25,10.7,19.0,4.7,2.10,66
2017-05-26,11.8,17.3,8.3,0.10,64
2017-05-27,13.9,20.0,7.6,0.50,54
2017-05-28,13.3,19.5,6.3,2.70,53
2017-05-29,12.7,17.5,7.3,0.00,49
2017-05-30,12.2,18.4,4.2,0.00,47
2017-05-31,14.6,24.4,5.4,0.00,44
2017-06-01,20.5,31.1,11.4,0.00,35
2017-06-02,22.5,31.0,14.9,0.10,44
2017-06-03,20.2,26.6,13.6,0.00,39
2017-06-04,21.4,30.0,12.8,0.00,34
2017-06-05,23.8,31.5,16.4,0.40,39
2017-06-06,16.5,26.5,12.7,0.00,62
2017-06-07,17.3,24.6,9.9,0.00,46
2017-06-08,19.9,26.9,12.1,0.00,39
2017-06-09,21.3,26.5,14.9,3.60,50
2017-06-10,18.8,23.9,13.4,0.20,48
2017-06-11,15.7,22.9,11.6,0.20,47
2017-06-12,16.8,23.5,10.9,0.10,58
2017-06-13,18.7,23.9,14.8,1.80,52
2017-06-14,13.0,15.4,11.9,40.50,85
2017-06-15,13.5,18.4,10.3,4.90,79
2017-06-16,13.1,17.5,7.7,3.80,81
2017-06-17,13.6,16.0,10.6,8.50,90
2017-06-18,13.7,19.0,8.7,3.70,79
2017-06-19,14.5,19.2,7.1,0.10,68
2017-06-20,14.3,19.5,7.8,0.00,63
2017-06-21,16.6,20.2,12.6,1.50,59
2017-06-22,13.1,18.8,10.7,2.20,58
2017-06-23,11.0,13.8,6.9,0.10,59
2017-06-24,10.0,16.4,4.2,0.20,67
2017-06-25,13.5,18.5,7.0,0.00,63
2017-06-26,14.1,23.3,6.2,0.00,62
2017-06-27,20.6,27.4,15.8,0.10,49
2017-06-28,17.1,22.3,10.4,0.00,59
2017-06-29,14.9,20.9,12.1,5.70,76
2017-06-30,14.2,22.2,7.9,1.00,66
2017-07-01,17.2,22.2,12.1,1.50,77
2017-07-02,17.4,24.2,10.9,0.10,63
2017-07-03,21.1,30.1,14.4,0.00,63
2017-07-04,22.5,29.9,17.6,0.00,57
2017-07-05,21.4,29.5,15.1,0.00,55
2017-07-06,20.5,27.0,13.6,0.00,55
2017-07-07,20.3,27.2,13.8,0.00,60
2017-07-08,21.8,29.7,13.5,0.00,61
2017-07-09,22.6,28.0,15.6,0.00,61
2017-07-10,23.4,32.3,16.7,0.10,59
2017-07-11,20.8,30.6,17.0,1.00,73
2017-07-12,16.7,22.1,11.1,0.00,68
2017-07-13,19.1,27.0,13.2,0.00,58
2017-07-14,23.4,27.0,18.9,0.00,53
2017-07-15,20.5,28.0,13.8,0.00,68
2017-07-16,23.9,32.2,18.7,1.20,53
2017-07-17,21.0,30.2,14.1,0.00,53
2017-07-18,17.1,23.0,11.9,0.00,53
2017-07-19,19.7,25.2,14.4,0.10,54
2017-07-20,20.5,29.3,13.6,0.00,61
2017-07-21,22.2,27.9,16.8,0.00,71
2017-07-22,18.6,24.1,13.3,0.20,66
2017-07-23,20.7,30.9,13.3,0.00,65
2017-07-24,24.0,30.5,21.1,0.00,46
2017-07-25,19.5,24.4,15.0,0.00,49
2017-07-26,19.5,26.2,12.2,0.00,59
2017-07-27,22.3,30.1,15.7,0.00,53
2017-07-28,24.5,31.8,18.0,0.40,60
2017-07-29,23.2,29.9,14.9,0.00,57
2017-07-30,25.6,33.8,19.1,0.00,53
2017-07-31,24.3,33.0,18.0,0.00,48
2017-08-01,20.5,25.6,14.1,0.00,52
2017-08-02,17.6,22.6,14.6,6.30,71
2017-08-03,16.6,22.2,11.4,0.00,68
2017-08-04,17.9,22.6,13.2,0.10,58
2017-08-05,18.5,23.5,13.8,0.50,61
2017-08-06,17.1,23.0,12.0,0.20,72
2017-08-07,18.8,25.4,12.1,0.00,59
2017-08-08,19.1,25.3,15.3,4.70,58
2017-08-09,16.1,21.2,12.8,1.20,79
2017-08-10,16.6,22.2,11.1,0.00,69
2017-08-11,17.6,25.4,10.8,0.20,62
2017-08-12,18.8,25.0,11.9,1.80,58
2017-08-13,17.5,24.4,10.6,0.00,64
2017-08-14,19.2,25.9,13.2,0.00,56
2017-08-15,17.9,24.2,13.7,10.80,75
2017-08-16,17.1,24.3,9.8,0.00,59
2017-08-17,20.0,26.2,14.6,1.90,53
2017-08-18,18.7,26.8,11.0,0.00,60
2017-08-19,20.9,27.0,17.4,0.00,46
2017-08-20,16.4,23.0,9.1,0.00,43
2017-08-21,17.0,22.0,12.0,0.30,47
2017-08-22,15.7,23.0,9.1,0.00,48
2017-08-23,18.8,26.0,11.2,0.00,53
2017-08-24,18.8,27.9,11.9,0.00,64
2017-08-25,22.2,26.9,17.2,1.50,58
2017-08-26,19.2,25.5,12.6,0.00,42
2017-08-27,19.7,27.0,12.2,0.00,43
2017-08-28,22.3,32.5,14.2,0.00,41
2017-08-29,22.6,31.4,15.6,0.00,42
2017-08-30,20.8,27.6,14.9,0.00,40
2017-08-31,23.7,30.9,18.5,0.10,51
2017-09-01,20.9,26.6,16.6,2.10,51
2017-09-02,18.9,26.3,11.5,0.00,43
2017-09-03,19.0,26.2,14.9,0.00,43
2017-09-04,16.2,20.8,11.6,0.00,48
2017-09-05,13.5,19.5,6.4,0.00,52
2017-09-06,15.6,25.8,7.7,0.00,46
2017-09-07,18.8,26.0,9.7,0.00,43
2017-09-08,19.3,27.9,11.9,0.00,50
2017-09-09,22.6,32.0,15.2,0.00,47
2017-09-10,23.6,30.6,19.4,0.00,39
2017-09-11,18.1,28.8,8.4,0.00,39
2017-09-12,20.4,27.0,12.1,0.00,36
2017-09-13,17.0,24.3,10.6,0.00,49
2017-09-14,11.8,16.8,9.2,3.70,72
2017-09-15,10.1,12.3,7.8,0.00,64
2017-09-16,8.8,10.9,6.6,3.80,72
2017-09-17,7.5,13.4,3.8,0.90,78
2017-09-18,11.4,21.0,4.6,0.00,65
2017-09-19,14.3,19.5,11.4,12.30,68
2017-09-20,10.9,16.9,4.3,0.00,59
2017-09-21,10.1,14.9,4.0,0.00,52
2017-09-22,7.5,12.9,4.4,1.10,70
2017-09-23,7.2,11.4,3.5,0.10,80
2017-09-24,8.3,12.5,3.8,0.10,71
2017-09-25,9.2,14.0,5.4,0.00,64
2017-09-26,9.6,17.4,4.0,0.00,68
2017-09-27,12.3,20.0,5.6,0.10,69
2017-09-28,13.7,19.3,6.2,0.00,65
2017-09-29,13.6,21.0,7.7,0.00,61
2017-09-30,15.4,21.1,9.9,0.00,57
2017-10-01,13.3,18.6,8.8,1.20,73
2017-10-02,8.0,11.2,5.2,9.40,85
2017-10-03,5.3,8.2,2.5,5.20,83
2017-10-04,5.4,11.5,0.1,0.00,70
2017-10-05,5.3,12.6,-1.5,0.00,77
2017-10-06,8.1,18.0,1.5,0.00,67
2017-10-07,12.0,15.5,7.2,0.70,54
2017-10-08,6.6,10.1,4.9,0.30,58
2017-10-09,3.2,11.3,-2.1,0.00,57
2017-10-10,7.1,15.3,0.7,0.00,62
2017-10-11,9.8,16.5,4.3,0.00,49
2017-10-12,5.9,11.0,3.0,0.40,71
2017-10-13,2.2,4.8,-1.8,0.00,68
2017-10-14,0.3,8.1,-6.8,0.00,67
2017-10-15,3.4,9.7,0.3,0.40,70
2017-10-16,8.5,15.4,5.0,0.00,58
2017-10-17,12.9,21.2,8.6,0.00,43
2017-10-18,11.3,20.0,5.8,0.00,35
2017-10-19,10.9,22.9,3.8,0.00,42
2017-10-20,12.3,20.7,8.1,0.00,47
2017-10-21,8.4,15.3,4.6,1.90,74
2017-10-22,5.1,15.1,-1.0,0.70,69
2017-10-23,6.4,10.8,3.5,0.40,69
2017-10-24,4.9,13.2,-2.8,0.00,66
2017-10-25,8.8,13.6,2.7,0.00,62
2017-10-26,1.0,9.2,-1.8,1.80,71
2017-10-27,-1.4,5.8,-4.8,0.00,70
2017-10-28,1.0,12.6,-4.2,0.00,79
2017-10-29,5.6,9.9,1.5,0.30,62
2017-10-30,-2.0,0.3,-4.4,0.10,64
2017-10-31,-2.8,1.5,-5.8,0.00,61
2017-11-01,-1.9,-0.5,-3.3,0.00,71
2017-11-02,-3.5,-1.1,-6.5,0.00,76
2017-11-03,-3.7,-0.4,-5.8,0.00,75
2017-11-04,-4.9,-3.2,-6.3,0.00,85
2017-11-05,-9.4,-6.9,-11.7,0.00,82
2017-11-06,-10.1,-7.4,-13.2,0.00,77
2017-11-07,-9.9,-6.1,-12.5,0.00,72
2017-11-08,-9.3,-8.1,-10.4,0.00,72
2017-11-09,-12.6,-8.1,-17.0,0.00,80
2017-11-10,-6.4,-0.8,-10.8,0.00,75
2017-11-11,-5.7,-3.0,-7.8,0.00,84
2017-11-12,-7.9,-2.0,-13.1,0.00,87
2017-11-13,-3.5,3.8,-7.7,0.00,87
2017-11-14,-2.2,1.5,-5.3,0.10,83
2017-11-15,-9.6,-4.9,-12.4,0.00,69
2017-11-16,-7.9,-0.7,-11.5,0.00,74
2017-11-17,-7.7,0.7,-11.6,0.00,73
2017-11-18,-11.0,-5.2,-14.8,0.00,71
2017-11-19,-6.0,0.9,-10.5,0.00,83
2017-11-20,-1.8,1.6,-9.9,0.00,75
2017-11-21,-16.2,-12.3,-19.3,0.00,71
2017-11-22,-9.2,-3.7,-19.7,0.10,75
2017-11-23,-1.5,12.5,-9.8,0.00,85
2017-11-24,2.8,9.0,0.2,0.50,82
2017-11-25,-2.1,5.8,-6.2,0.00,83
2017-11-26,-1.4,2.5,-4.7,0.00,82
2017-11-27,3.0,6.7,0.1,0.80,74
2017-11-28,0.5,3.5,-2.8,0.00,53
2017-11-29,1.7,4.0,-1.1,0.00,58
2017-11-30,-0.1,4.2,-4.0,0.00,64
2017-12-01,-2.9,3.3,-6.8,0.00,77
2017-12-02,-2.2,4.8,-4.9,0.00,73
2017-12-03,-4.3,-0.1,-8.1,0.00,82
2017-12-04,-6.3,-1.9,-9.6,0.00,83
2017-12-05,-10.1,-4.2,-12.6,0.00,78
2017-12-06,-12.3,-2.7,-17.9,0.00,79
2017-12-07,-7.0,-1.0,-16.5,0.00,84
2017-12-08,-2.9,0.1,-4.7,0.00,82
2017-12-09,-4.6,4.8,-12.1,0.00,78
2017-12-10,0.4,2.8,-1.9,0.00,64
2017-12-11,0.8,4.0,-1.8,1.00,83
2017-12-12,0.4,6.9,-3.2,0.00,68
2017-12-13,1.1,4.5,-1.4,0.00,81
2017-12-14,-0.6,1.6,-2.4,0.20,82
2017-12-15,-0.3,4.1,-3.9,0.00,72
2017-12-16,0.0,2.6,-3.8,0.20,73
2017-12-17,-2.8,0.1,-5.2,0.00,68
2017-12-18,-0.8,1.1,-2.4,0.00,65
2017-12-19,-5.4,-1.8,-9.4,0.00,64
2017-12-20,-11.8,-9.1,-13.8,0.00,55
2017-12-21,-12.7,-6.0,-16.2,0.00,66
2017-12-22,-8.9,-6.3,-11.3,0.00,66
2017-12-23,-8.9,-8.3,-10.9,0.10,69
2017-12-24,-17.8,-12.1,-21.0,0.00,62
2017-12-25,-24.3,-22.0,-26.5,0.00,58
2017-12-26,-25.3,-22.6,-28.0,0.00,64
2017-12-27,-25.0,-18.9,-27.8,0.00,66
2017-12-28,-21.9,-18.9,-25.4,0.00,69
2017-12-29,-24.4,-20.6,-27.5,0.00,62
2017-12-30,-29.2,-25.7,-32.0,0.00,59
2017-12-31,-26.5,-20.6,-29.0,0.00,63
2018-01-01,-24.6,-17.2,-28.4,0.00,65
2018-01-02,-13.7,-6.1,-21.4,0.00,69
2018-01-03,-11.6,-5.7,-15.2,0.00,73
2018-01-04,-10.9,-8.1,-13.7,0.00,81
2018-01-05,-10.4,-7.9,-11.9,0.00,73
2018-01-06,-5.5,4.2,-10.2,0.00,85
2018-01-07,-1.1,3.8,-3.8,0.00,78
2018-01-08,-4.6,-0.3,-8.6,0.00,80
2018-01-09,-4.4,0.2,-7.1,0.40,89
2018-01-10,-11.5,0.2,-18.5,0.20,70
2018-01-11,-22.9,-19.8,-25.0,0.00,58
2018-01-12,-24.9,-19.5,-29.2,0.00,61
2018-01-13,-21.8,-13.7,-25.5,0.00,65
2018-01-14,-14.4,-9.6,-18.4,0.00,71
2018-01-15,-22.0,-17.1,-26.2,0.00,64
2018-01-16,-15.3,-3.4,-20.7,0.00,53
2018-01-17,-2.7,5.6,-10.5,0.00,62
2018-01-18,-1.7,8.9,-7.9,0.00,74
2018-01-19,2.4,5.3,-2.2,0.00,65
2018-01-20,-2.5,2.3,-5.1,0.00,75
2018-01-21,-6.0,0.9,-10.6,0.00,82
2018-01-22,-5.7,3.9,-10.8,0.00,75
2018-01-23,-4.5,0.1,-7.8,0.00,80
2018-01-24,-6.8,-0.6,-10.4,0.00,80
2018-01-25,-4.3,2.4,-6.9,0.00,76
2018-01-26,-4.3,-1.5,-6.1,0.00,76
2018-01-27,-11.8,-6.8,-14.0,0.00,61
2018-01-28,-15.2,-11.1,-17.5,0.00,64
2018-01-29,-15.2,-9.1,-19.1,0.00,76
2018-01-30,-5.2,5.4,-9.6,0.00,75
2018-01-31,-13.8,-7.7,-18.0,0.00,64
2018-02-01,-19.8,-15.1,-23.8,0.00,63
2018-02-02,-17.1,-14.1,-19.7,0.00,58
2018-02-03,-18.6,-16.2,-20.4,0.00,61
2018-02-04,-22.1,-15.6,-25.1,0.00,68
2018-02-05,-20.6,-16.5,-24.0,0.00,68
2018-02-06,-19.4,-13.6,-22.4,0.00,71
2018-02-07,-18.6,-11.8,-23.0,0.00,69
2018-02-08,-19.9,-15.4,-23.6,0.00,69
2018-02-09,-20.2,-12.2,-24.5,0.00,68
2018-02-10,-15.1,-9.1,-18.5,0.00,63
2018-02-11,-15.5,-10.9,-18.9,0.00,67
2018-02-12,-21.6,-13.1,-26.5,0.00,59
2018-02-13,-11.5,2.8,-17.6,0.00,57
2018-02-14,-2.3,0.3,-6.4,0.00,86
2018-02-15,-15.6,-4.9,-22.2,0.00,65
2018-02-16,-12.2,-4.3,-17.1,0.00,66
2018-02-17,-11.4,-6.2,-14.2,0.00,73
2018-02-18,-14.5,-11.1,-18.1,0.00,65
2018-02-19,-18.5,-13.2,-24.2,0.00,68
2018-02-20,-16.1,-9.6,-21.0,0.00,59
2018-02-21,-16.1,-6.6,-23.5,0.00,69
2018-02-22,-14.5,-6.4,-21.6,0.00,63
2018-02-23,-12.1,-4.1,-17.6,0.00,74
2018-02-24,-9.2,-2.4,-13.8,0.10,66
2018-02-25,-5.5,0.2,-12.6,0.00,76
2018-02-26,-5.9,-0.2,-9.6,0.00,75
2018-02-27,-6.4,2.3,-11.9,0.00,71
2018-02-28,-5.1,1.6,-10.9,0.00,71
2018-03-01,-6.1,3.1,-12.5,0.00,70
2018-03-02,-5.8,-0.1,-10.4,0.00,69
2018-03-03,-4.3,-2.2,-6.3,0.00,74
2018-03-04,-3.0,-2.1,-4.0,0.00,86
2018-03-05,-6.5,-2.9,-8.8,0.00,89
2018-03-06,-9.3,-8.0,-10.3,0.00,87
2018-03-07,-14.0,-8.6,-21.8,0.00,81
2018-03-08,-14.5,-7.8,-21.6,0.00,81
2018-03-09,-10.7,-3.1,-18.0,0.00,81
2018-03-10,-7.5,-4.2,-10.2,0.00,88
2018-03-11,-10.1,-1.9,-15.2,0.00,86
2018-03-12,-8.9,-0.5,-17.5,0.00,85
2018-03-13,-7.3,0.6,-14.1,0.00,84
2018-03-14,-7.1,0.1,-16.0,0.00,86
2018-03-15,-6.5,-1.5,-10.4,0.00,82
2018-03-16,-3.5,1.4,-6.1,0.00,77
2018-03-17,-5.8,1.1,-12.2,0.00,84
2018-03-18,-1.6,1.0,-4.3,0.00,91
2018-03-19,-2.4,0.1,-4.7,0.00,89
2018-03-20,-3.4,0.8,-7.9,0.00,91
2018-03-21,-3.6,3.2,-11.0,0.00,87
2018-03-22,-2.3,1.5,-5.6,0.00,89
2018-03-23,-1.3,0.2,-2.3,0.00,88
2018-03-24,-0.7,2.4,-3.2,0.00,90
2018-03-25,-0.2,1.2,-2.4,0.00,87
2018-03-26,-2.2,2.6,-5.4,0.00,90
2018-03-27,-1.7,4.0,-8.2,0.00,82
2018-03-28,-6.3,2.8,-11.6,1.90,84
2018-03-29,-9.4,-6.2,-12.2,0.00,80
2018-03-30,-20.2,-12.9,-29.1,0.00,76
2018-03-31,-16.0,-8.4,-20.5,0.00,71
2018-04-01,-11.4,-4.6,-17.2,0.00,69
2018-04-02,-14.3,-5.8,-22.5,0.00,80
2018-04-03,-11.7,-3.2,-20.0,0.00,77
2018-04-04,-11.9,-3.9,-20.4,0.00,81
2018-04-05,-10.2,-4.7,-13.6,0.00,79
2018-04-06,-16.9,-9.8,-22.2,0.00,72
2018-04-07,-14.9,-5.8,-25.0,0.00,82
2018-04-08,-7.9,-2.9,-10.7,0.00,78
2018-04-09,-4.6,0.6,-7.8,0.00,80
2018-04-10,-4.2,4.3,-12.9,0.00,84
2018-04-11,-0.8,3.8,-3.0,0.00,83
2018-04-12,-1.0,0.5,-2.5,0.00,91
2018-04-13,-3.6,0.3,-7.9,0.00,79
2018-04-14,-3.4,3.0,-7.7,0.00,72
2018-04-15,0.2,10.1,-5.2,0.00,61
2018-04-16,1.2,6.6,-3.5,0.00,48
2018-04-17,1.9,6.0,-0.8,1.60,56
2018-04-18,2.5,9.3,-1.9,0.70,81
2018-04-19,2.4,12.6,-5.2,0.00,62
2018-04-20,6.1,16.8,-1.5,0.00,57
2018-04-21,9.1,19.6,0.7,0.00,63
2018-04-22,10.5,16.8,3.0,0.00,47
2018-04-23,5.5,13.0,-0.5,0.00,60
2018-04-24,6.6,16.9,-2.8,0.00,45
2018-04-25,9.8,16.1,3.9,0.00,44
2018-04-26,8.0,19.1,-1.9,0.00,54
2018-04-27,7.8,18.5,-2.0,0.00,48
2018-04-28,9.2,20.0,1.4,0.00,46
2018-04-29,14.6,23.5,7.1,0.00,46
2018-04-30,7.5,17.8,2.7,1.90,76
2018-05-01,5.7,11.2,-0.9,0.00,64
2018-05-02,8.1,14.9,1.6,0.30,57
2018-05-03,11.8,19.2,5.6,0.00,44
2018-05-04,13.3,21.7,3.9,0.00,48
2018-05-05,14.9,22.0,5.7,0.00,48
2018-05-06,16.5,25.6,5.2,0.00,41
2018-05-07,17.9,27.5,9.9,1.00,41
2018-05-08,15.5,22.4,8.4,0.90,35
2018-05-09,11.5,16.4,7.8,0.40,61
2018-05-10,7.6,13.6,1.5,0.00,29
2018-05-11,8.8,13.2,5.7,0.00,42
2018-05-12,9.3,17.7,1.5,0.00,57
2018-05-13,14.6,25.1,5.8,0.00,51
2018-05-14,16.2,24.6,8.5,0.00,32
2018-05-15,20.6,30.9,13.1,0.00,26
2018-05-16,20.2,29.7,10.7,0.00,35
2018-05-17,15.1,26.5,7.9,0.80,44
2018-05-18,10.3,18.2,5.9,2.90,63
2018-05-19,12.4,20.9,3.3,0.00,36
2018-05-20,14.6,23.4,4.3,0.00,32
2018-05-21,18.3,28.1,9.6,0.00,32
2018-05-22,20.4,29.2,10.4,0.00,46
2018-05-23,20.4,29.4,12.4,0.50,51
2018-05-24,18.5,25.0,13.1,2.80,77
2018-05-25,20.0,26.8,13.1,0.20,59
2018-05-26,20.2,30.9,10.8,0.00,59
2018-05-27,20.8,28.1,13.9,0.20,54
2018-05-28,19.3,28.2,9.1,0.00,40
2018-05-29,21.1,28.2,14.8,3.70,55
2018-05-30,20.4,27.5,14.2,0.50,65
2018-05-31,15.3,19.7,10.2,2.30,75
2018-06-01,14.7,22.4,10.8,11.20,79
2018-06-02,10.7,15.1,7.4,31.90,87
2018-06-03,14.0,22.2,5.9,0.00,61
2018-06-04,17.2,25.6,10.4,0.40,57
2018-06-05,18.6,26.0,13.1,0.60,66
2018-06-06,15.8,26.1,6.8,0.00,63
2018-06-07,19.7,26.2,11.0,0.20,58
2018-06-08,19.0,24.6,15.4,19.80,76
2018-06-09,18.5,27.7,11.2,0.00,80
2018-06-10,22.7,27.2,18.8,2.20,68
2018-06-11,16.4,23.0,10.6,0.20,39
2018-06-12,14.7,21.5,9.5,0.00,44
2018-06-13,15.9,24.8,7.8,0.00,45
2018-06-14,18.9,25.0,12.9,4.60,53
2018-06-15,14.8,21.1,10.7,1.80,75
2018-06-16,15.9,20.4,9.0,0.00,59
2018-06-17,16.5,22.0,9.6,0.00,56
2018-06-18,17.8,25.5,10.2,0.00,54
2018-06-19,19.0,24.8,13.2,0.00,55
2018-06-20,21.0,27.3,13.1,0.00,50
2018-06-21,21.5,28.2,13.9,0.00,45
2018-06-22,21.8,27.6,15.6,0.50,54
2018-06-23,20.4,25.3,15.9,10.00,76
2018-06-24,19.9,24.5,15.8,6.20,81
2018-06-25,21.5,27.0,15.9,0.40,74
2018-06-26,22.1,25.8,16.8,1.60,59
2018-06-27,18.7,24.6,11.9,0.00,43
2018-06-28,20.1,28.5,11.1,0.00,44
2018-06-29,19.3,27.5,14.1,9.90,65
2018-06-30,17.9,22.6,13.2,4.00,65
2018-07-01,16.7,20.7,12.6,4.80,72
2018-07-02,16.7,22.8,11.2,0.20,63
2018-07-03,17.2,23.3,12.9,0.30,67
2018-07-04,16.3,22.2,12.4,10.30,70
2018-07-05,16.1,24.0,9.1,0.20,73
2018-07-06,21.9,32.5,15.5,0.00,64
2018-07-07,26.5,31.3,21.6,0.00,54
2018-07-08,20.4,29.7,14.0,0.00,57
2018-07-09,19.4,26.5,12.7,0.10,65
2018-07-10,22.3,29.0,16.9,2.10,79
2018-07-11,21.2,27.5,16.6,2.60,78
2018-07-12,21.1,26.7,16.2,0.10,66
2018-07-13,20.9,28.6,13.7,0.40,72
2018-07-14,22.1,28.5,19.1,0.00,65
2018-07-15,17.3,23.0,11.8,0.00,55
2018-07-16,16.9,22.7,9.6,0.00,59
2018-07-17,19.4,30.6,12.1,0.00,62
2018-07-18,24.4,30.9,18.0,0.00,57
2018-07-19,21.6,28.5,16.7,1.30,70
2018-07-20,20.4,26.6,13.3,0.00,62
2018-07-21,20.8,27.2,17.0,12.00,61
2018-07-22,19.0,22.0,16.4,9.50,78
2018-07-23,17.5,22.4,12.4,0.00,60
2018-07-24,16.5,22.5,11.1,0.00,64
2018-07-25,15.5,19.8,12.0,1.70,73
2018-07-26,14.6,19.0,9.3,0.10,73
2018-07-27,16.6,22.0,10.5,0.00,65
2018-07-28,17.8,24.8,10.5,0.60,65
2018-07-29,18.8,26.0,11.9,0.00,66
2018-07-30,21.1,29.8,12.8,0.00,57
2018-07-31,20.1,29.9,15.5,0.10,57
2018-08-01,17.4,25.0,10.6,0.00,66
2018-08-02,20.4,28.9,14.3,1.20,63
2018-08-03,21.8,28.9,15.9,0.30,69
2018-08-04,19.6,26.9,13.3,1.30,67
2018-08-05,18.2,22.8,14.9,3.60,80
2018-08-06,18.6,25.8,11.5,0.20,68
2018-08-07,21.7,30.0,14.5,0.00,54
2018-08-08,21.6,28.5,13.9,0.00,56
2018-08-09,23.0,32.0,14.0,0.00,57
2018-08-10,25.1,35.4,15.6,0.00,50
2018-08-11,28.9,39.4,18.1,0.00,35
2018-08-12,27.9,37.8,21.0,0.10,42
2018-08-13,18.8,27.8,13.4,0.30,71
2018-08-14,15.8,26.0,7.9,0.00,67
2018-08-15,21.9,31.1,14.2,0.00,49
2018-08-16,23.0,30.0,16.4,0.00,59
2018-08-17,24.6,33.8,18.3,0.00,56
2018-08-18,23.1,32.1,16.2,1.00,59
2018-08-19,16.7,24.3,9.0,0.00,50
2018-08-20,15.4,21.2,7.6,0.00,52
2018-08-21,15.8,24.5,7.6,0.00,53
2018-08-22,19.4,27.8,13.0,0.00,44
2018-08-23,21.2,30.3,11.9,0.00,52
2018-08-24,22.6,31.0,13.9,0.00,52
2018-08-25,15.1,22.9,9.6,0.10,60
2018-08-26,13.0,18.5,8.6,1.40,60
2018-08-27,13.0,19.2,7.9,0.00,76
2018-08-28,12.5,16.0,9.9,3.90,79
2018-08-29,14.1,25.0,7.8,0.00,65
2018-08-30,18.7,24.4,13.1,0.20,52
2018-08-31,14.9,21.0,9.4,0.00,62
2018-09-01,15.4,23.6,10.1,0.00,50
2018-09-02,13.0,18.8,6.6,0.00,61
2018-09-03,16.5,27.1,9.2,0.10,45
2018-09-04,12.8,25.1,8.4,0.00,62
2018-09-05,10.7,19.6,2.3,0.00,55
2018-09-06,14.8,23.4,7.4,0.00,45
2018-09-07,16.2,22.7,9.1,0.00,54
2018-09-08,19.1,25.5,12.8,0.00,59
2018-09-09,16.7,21.6,12.9,0.00,68
2018-09-10,14.5,25.9,6.0,0.00,64
2018-09-11,16.2,23.8,10.6,0.00,53
2018-09-12,11.0,15.6,7.4,2.50,70
2018-09-13,11.6,16.6,5.2,0.20,74
2018-09-14,8.9,15.1,6.8,1.80,83
2018-09-15,9.4,13.1,6.8,3.00,80
2018-09-16,11.4,14.6,8.1,9.20,81
2018-09-17,8.9,15.1,5.5,3.60,82
2018-09-18,7.8,13.6,2.5,0.00,79
2018-09-19,7.8,13.4,2.6,0.00,70
2018-09-20,7.1,12.4,3.3,1.00,74
2018-09-21,5.7,11.4,0.2,0.70,85
2018-09-22,3.9,10.2,1.7,13.00,87
2018-09-23,2.4,5.2,0.7,2.90,83
2018-09-24,4.5,9.1,2.5,1.70,87
2018-09-25,6.0,10.6,2.0,1.00,79
2018-09-26,8.1,14.7,1.3,1.10,59
2018-09-27,6.3,13.6,1.0,0.00,66
2018-09-28,1.6,6.7,-3.0,0.00,54
2018-09-29,2.0,8.6,-2.2,0.00,61
2018-09-30,-0.2,5.4,-5.6,0.00,61
2018-10-01,2.6,8.1,-0.3,0.00,70
2018-10-02,1.9,5.9,-0.1,4.40,89
2018-10-03,-0.1,1.9,-1.3,0.00,76
2018-10-04,0.2,5.0,-5.4,0.00,68
2018-10-05,1.5,4.1,-0.6,0.00,80
2018-10-06,2.2,9.6,-2.8,0.00,79
2018-10-07,2.8,9.8,-2.5,0.00,80
2018-10-08,2.6,8.9,-3.3,0.00,82
2018-10-09,1.9,5.9,0.3,0.00,80
2018-10-10,-1.0,2.9,-6.6,0.00,67
2018-10-11,-2.5,2.2,-8.6,0.00,76
2018-10-12,-0.3,5.1,-3.8,3.10,79
2018-10-13,-0.6,4.0,-4.3,4.50,76
2018-10-14,-2.7,-0.3,-5.2,0.00,62
2018-10-15,2.1,10.8,-4.6,0.00,62
2018-10-16,3.7,9.1,-0.6,0.00,73
2018-10-17,4.4,15.9,-1.9,0.00,70
2018-10-18,8.9,14.6,2.4,0.00,57
2018-10-19,8.3,11.8,3.5,0.00,55
2018-10-20,0.9,8.9,-6.8,0.00,61
2018-10-21,5.4,12.0,-0.6,0.00,61
2018-10-22,3.4,9.2,-2.7,0.00,59
2018-10-23,1.6,10.1,-3.7,0.00,60
2018-10-24,5.1,11.1,-0.3,0.00,64
2018-10-25,4.6,10.8,-2.0,0.00,82
2018-10-26,4.9,9.4,0.6,0.00,74
2018-10-27,3.7,10.1,0.2,2.50,78
2018-10-28,3.7,8.4,-3.5,0.00,64
2018-10-29,7.1,11.1,4.9,0.00,59
2018-10-30,3.8,6.9,2.2,0.00,71
2018-10-31,1.4,6.3,-2.5,0.00,84
2018-11-01,1.9,5.1,-1.8,0.20,84
2018-11-02,0.4,3.2,-1.0,0.10,84
2018-11-03,-0.2,2.7,-1.9,0.00,77
2018-11-04,0.9,4.8,-1.0,1.50,84
2018-11-05,-0.1,2.3,-3.7,3.50,90
2018-11-06,-7.0,-5.1,-8.2,0.00,68
2018-11-07,-9.2,-7.9,-11.1,0.00,60
2018-11-08,-10.4,-9.1,-13.9,0.00,63
2018-11-09,-13.2,-7.6,-17.9,0.00,70
2018-11-10,-6.7,-4.8,-8.9,0.00,72
2018-11-11,-8.3,-7.4,-9.9,0.00,69
2018-11-12,-11.0,-5.8,-15.1,0.00,65
2018-11-13,-4.9,3.2,-9.6,0.00,76
2018-11-14,0.5,6.8,-3.1,0.00,75
2018-11-15,-0.8,2.0,-2.8,0.00,87
2018-11-16,-5.1,0.1,-11.4,0.00,76
2018-11-17,-13.1,-5.7,-17.1,0.00,65
2018-11-18,-7.1,-4.8,-8.9,0.00,74
2018-11-19,-9.1,-4.6,-12.6,0.00,69
2018-11-20,-0.6,1.2,-5.4,0.00,88
2018-11-21,-2.2,0.4,-5.1,0.00,87
2018-11-22,-0.1,8.6,-4.0,0.00,77
2018-11-23,-0.7,2.0,-3.5,0.00,86
2018-11-24,-3.5,-0.9,-5.8,0.00,78
2018-11-25,-7.6,-4.7,-9.5,0.00,68
2018-11-26,-8.8,-4.4,-10.9,0.00,67
2018-11-27,-6.2,-3.2,-7.8,0.00,77
2018-11-28,-3.4,-2.2,-4.5,1.10,89
2018-11-29,-2.6,1.0,-5.3,0.00,91
2018-11-30,-2.3,-1.3,-3.8,0.00,97
2018-12-01,-3.0,-2.0,-3.7,0.00,95
2018-12-02,-4.4,-2.7,-6.0,0.00,87
2018-12-03,-5.2,-1.5,-8.1,0.00,85
2018-12-04,-5.8,-4.0,-8.7,0.00,77
2018-12-05,-8.8,-6.7,-11.8,0.00,77
2018-12-06,-12.3,-7.4,-15.9,0.00,73
2018-12-07,-11.6,-4.2,-15.9,0.00,74
2018-12-08,-10.8,-8.2,-13.6,0.00,71
2018-12-09,-10.3,-1.0,-13.9,0.00,75
2018-12-10,-7.1,0.9,-12.1,0.00,80
2018-12-11,-1.9,2.0,-4.9,0.00,87
2018-12-12,-1.2,3.6,-4.3,0.00,78
2018-12-13,-1.7,3.3,-5.5,0.00,73
2018-12-14,-0.6,6.4,-5.8,0.00,74
2018-12-15,1.0,5.8,-2.5,0.00,64
2018-12-16,-3.5,2.8,-8.2,0.00,66
2018-12-17,-3.6,2.8,-7.0,0.00,71
2018-12-18,0.5,5.2,-5.1,0.00,81
2018-12-19,0.7,2.8,-1.2,0.10,85
2018-12-20,-2.7,1.9,-6.8,0.00,82
2018-12-21,-0.5,4.3,-2.8,1.40,77
2018-12-22,-4.3,0.2,-6.8,0.00,71
2018-12-23,-6.9,-4.3,-8.9,0.00,75
2018-12-24,-5.7,-4.9,-7.7,0.00,74
2018-12-25,-9.0,-6.4,-10.8,0.00,74
2018-12-26,-8.3,-6.2,-9.4,0.00,75
2018-12-27,-10.7,-8.9,-12.8,0.00,79
2018-12-28,-14.9,-5.9,-19.6,0.00,75
2018-12-29,-7.7,-3.7,-10.8,0.00,80
2018-12-30,-8.6,-5.3,-12.1,0.00,83
2018-12-31,-20.5,-12.9,-29.0,0.00,67
